Run Number, Scale Factor, Execution Name, Base Seed, Replicate Seed, Max Degree of Parallelism, Number of Workers, Number of Tries, Number of Trials, Runtime (ms)
0,1, sequential-main,1000,325467165,1,1,10,50, 00:00:05.7529179
0,1, parallel-main,1000,325467165,1,1,10,50, 00:00:04.4627708
0,1, parallel-propagate,1000,325467165,1,1,10,50, 00:00:04.3421221
0,1, parallel-main,1000,325467165,1,1,10,50, 00:00:04.2714341
0,1, parallel-propagate,1000,325467165,2,1,10,50, 00:00:04.0188085
0,1, parallel-main,1000,325467165,1,2,10,50, 00:00:04.5057614
0,1, parallel-propagate,1000,325467165,4,1,10,50, 00:00:03.8525511
0,1, parallel-main,1000,325467165,1,4,10,50, 00:00:00.0254226
0,1, parallel-propagate,1000,325467165,8,1,10,50, 00:00:03.7021269
0,1, parallel-main,1000,325467165,1,8,10,50, 00:00:01.6665829
0,1, parallel-propagate,1000,325467165,16,1,10,50, 00:00:03.3716062
0,1, parallel-main,1000,325467165,1,16,10,50, 00:00:01.6594483
1,1, sequential-main,1000,506683626,1,1,10,50, 00:00:09.9609993
1,1, parallel-main,1000,506683626,1,1,10,50, 00:00:04.4514773
1,1, parallel-propagate,1000,506683626,1,1,10,50, 00:00:04.2750715
1,1, parallel-main,1000,506683626,1,1,10,50, 00:00:04.3773909
1,1, parallel-propagate,1000,506683626,2,1,10,50, 00:00:03.9453508
1,1, parallel-main,1000,506683626,1,2,10,50, 00:00:00.0156961
1,1, parallel-propagate,1000,506683626,4,1,10,50, 00:00:04.3569750
1,1, parallel-main,1000,506683626,1,4,10,50, 00:00:05.2444240
1,1, parallel-propagate,1000,506683626,8,1,10,50, 00:00:03.6420606
1,1, parallel-main,1000,506683626,1,8,10,50, 00:00:00.3090595
1,1, parallel-propagate,1000,506683626,16,1,10,50, 00:00:03.6937317
1,1, parallel-main,1000,506683626,1,16,10,50, 00:00:00.1863573
2,1, sequential-main,1000,1623525913,1,1,10,50, 00:00:07.6477611
2,1, parallel-main,1000,1623525913,1,1,10,50, 00:00:04.2538774
2,1, parallel-propagate,1000,1623525913,1,1,10,50, 00:00:04.3765241
2,1, parallel-main,1000,1623525913,1,1,10,50, 00:00:04.3469970
2,1, parallel-propagate,1000,1623525913,2,1,10,50, 00:00:03.9977513
2,1, parallel-main,1000,1623525913,1,2,10,50, 00:00:04.4837110
2,1, parallel-propagate,1000,1623525913,4,1,10,50, 00:00:03.8015271
2,1, parallel-main,1000,1623525913,1,4,10,50, 00:00:00.0392999
2,1, parallel-propagate,1000,1623525913,8,1,10,50, 00:00:03.5736517
2,1, parallel-main,1000,1623525913,1,8,10,50, 00:00:01.3854035
2,1, parallel-propagate,1000,1623525913,16,1,10,50, 00:00:03.4851512
2,1, parallel-main,1000,1623525913,1,16,10,50, 00:00:01.8906922
3,1, sequential-main,1000,2344573,1,1,10,50, 00:00:07.0150929
3,1, parallel-main,1000,2344573,1,1,10,50, 00:00:04.3306707
3,1, parallel-propagate,1000,2344573,1,1,10,50, 00:00:04.3373040
3,1, parallel-main,1000,2344573,1,1,10,50, 00:00:04.3330089
3,1, parallel-propagate,1000,2344573,2,1,10,50, 00:00:04.0403251
3,1, parallel-main,1000,2344573,1,2,10,50, 00:00:04.6693571
3,1, parallel-propagate,1000,2344573,4,1,10,50, 00:00:04.1674597
3,1, parallel-main,1000,2344573,1,4,10,50, 00:00:00.0056754
3,1, parallel-propagate,1000,2344573,8,1,10,50, 00:00:04.0359312
3,1, parallel-main,1000,2344573,1,8,10,50, 00:00:02.7254790
3,1, parallel-propagate,1000,2344573,16,1,10,50, 00:00:03.4829873
3,1, parallel-main,1000,2344573,1,16,10,50, 00:00:00.0280366
4,1, sequential-main,1000,1485571032,1,1,10,50, 00:00:05.6450053
4,1, parallel-main,1000,1485571032,1,1,10,50, 00:00:04.2891029
4,1, parallel-propagate,1000,1485571032,1,1,10,50, 00:00:04.3660301
4,1, parallel-main,1000,1485571032,1,1,10,50, 00:00:04.3402679
4,1, parallel-propagate,1000,1485571032,2,1,10,50, 00:00:04.0111391
4,1, parallel-main,1000,1485571032,1,2,10,50, 00:00:04.5251118
4,1, parallel-propagate,1000,1485571032,4,1,10,50, 00:00:03.8261454
4,1, parallel-main,1000,1485571032,1,4,10,50, 00:00:00.0096221
4,1, parallel-propagate,1000,1485571032,8,1,10,50, 00:00:03.6602340
4,1, parallel-main,1000,1485571032,1,8,10,50, 00:00:00.3046518
4,1, parallel-propagate,1000,1485571032,16,1,10,50, 00:00:03.5216014
4,1, parallel-main,1000,1485571032,1,16,10,50, 00:00:02.2913879
5,1, sequential-main,1000,980737479,1,1,10,50, 00:00:05.0667938
5,1, parallel-main,1000,980737479,1,1,10,50, 00:00:04.3050074
5,1, parallel-propagate,1000,980737479,1,1,10,50, 00:00:04.3769252
5,1, parallel-main,1000,980737479,1,1,10,50, 00:00:04.5191085
5,1, parallel-propagate,1000,980737479,2,1,10,50, 00:00:04.0472713
5,1, parallel-main,1000,980737479,1,2,10,50, 00:00:04.4870031
5,1, parallel-propagate,1000,980737479,4,1,10,50, 00:00:03.8716087
5,1, parallel-main,1000,980737479,1,4,10,50, 00:00:05.4536635
5,1, parallel-propagate,1000,980737479,8,1,10,50, 00:00:03.6634298
5,1, parallel-main,1000,980737479,1,8,10,50, 00:00:03.7868888
5,1, parallel-propagate,1000,980737479,16,1,10,50, 00:00:03.6003814
5,1, parallel-main,1000,980737479,1,16,10,50, 00:00:02.4727313
6,1, sequential-main,1000,2067435452,1,1,10,50, 00:00:07.4086733
6,1, parallel-main,1000,2067435452,1,1,10,50, 00:00:04.3147268
6,1, parallel-propagate,1000,2067435452,1,1,10,50, 00:00:04.5296447
6,1, parallel-main,1000,2067435452,1,1,10,50, 00:00:04.2591527
6,1, parallel-propagate,1000,2067435452,2,1,10,50, 00:00:04.0404449
6,1, parallel-main,1000,2067435452,1,2,10,50, 00:00:04.6070811
6,1, parallel-propagate,1000,2067435452,4,1,10,50, 00:00:03.7837395
6,1, parallel-main,1000,2067435452,1,4,10,50, 00:00:00.0631955
6,1, parallel-propagate,1000,2067435452,8,1,10,50, 00:00:03.9784057
6,1, parallel-main,1000,2067435452,1,8,10,50, 00:00:00.9705610
6,1, parallel-propagate,1000,2067435452,16,1,10,50, 00:00:03.5024580
6,1, parallel-main,1000,2067435452,1,16,10,50, 00:00:01.3506882
7,1, sequential-main,1000,271829958,1,1,10,50, 00:00:07.1482946
7,1, parallel-main,1000,271829958,1,1,10,50, 00:00:04.3872554
7,1, parallel-propagate,1000,271829958,1,1,10,50, 00:00:04.3731918
7,1, parallel-main,1000,271829958,1,1,10,50, 00:00:04.3596156
7,1, parallel-propagate,1000,271829958,2,1,10,50, 00:00:04.0284631
7,1, parallel-main,1000,271829958,1,2,10,50, 00:00:04.5385004
7,1, parallel-propagate,1000,271829958,4,1,10,50, 00:00:03.8966540
7,1, parallel-main,1000,271829958,1,4,10,50, 00:00:05.3210980
7,1, parallel-propagate,1000,271829958,8,1,10,50, 00:00:03.6842348
7,1, parallel-main,1000,271829958,1,8,10,50, 00:00:00.0736975
7,1, parallel-propagate,1000,271829958,16,1,10,50, 00:00:03.7299441
7,1, parallel-main,1000,271829958,1,16,10,50, 00:00:00.2869451
8,1, sequential-main,1000,1490890881,1,1,10,50, 00:00:07.1309908
8,1, parallel-main,1000,1490890881,1,1,10,50, 00:00:04.3038254
8,1, parallel-propagate,1000,1490890881,1,1,10,50, 00:00:04.3334971
8,1, parallel-main,1000,1490890881,1,1,10,50, 00:00:04.3369525
8,1, parallel-propagate,1000,1490890881,2,1,10,50, 00:00:04.0405368
8,1, parallel-main,1000,1490890881,1,2,10,50, 00:00:04.5072124
8,1, parallel-propagate,1000,1490890881,4,1,10,50, 00:00:03.8135203
8,1, parallel-main,1000,1490890881,1,4,10,50, 00:00:05.3729890
8,1, parallel-propagate,1000,1490890881,8,1,10,50, 00:00:03.6522932
8,1, parallel-main,1000,1490890881,1,8,10,50, 00:00:01.6441226
8,1, parallel-propagate,1000,1490890881,16,1,10,50, 00:00:03.4659300
8,1, parallel-main,1000,1490890881,1,16,10,50, 00:00:01.4562570
9,1, sequential-main,1000,53262104,1,1,10,50, 00:00:05.1227672
9,1, parallel-main,1000,53262104,1,1,10,50, 00:00:04.3233472
9,1, parallel-propagate,1000,53262104,1,1,10,50, 00:00:04.3633859
9,1, parallel-main,1000,53262104,1,1,10,50, 00:00:04.3554964
9,1, parallel-propagate,1000,53262104,2,1,10,50, 00:00:04.0290803
9,1, parallel-main,1000,53262104,1,2,10,50, 00:00:04.5774568
9,1, parallel-propagate,1000,53262104,4,1,10,50, 00:00:03.8705069
9,1, parallel-main,1000,53262104,1,4,10,50, 00:00:00.2128131
9,1, parallel-propagate,1000,53262104,8,1,10,50, 00:00:03.7721565
9,1, parallel-main,1000,53262104,1,8,10,50, 00:00:03.5074161
9,1, parallel-propagate,1000,53262104,16,1,10,50, 00:00:03.4624746
9,1, parallel-main,1000,53262104,1,16,10,50, 00:00:00.3586315
10,1, sequential-main,1000,48177134,1,1,10,50, 00:00:05.0847701
10,1, parallel-main,1000,48177134,1,1,10,50, 00:00:04.3394058
10,1, parallel-propagate,1000,48177134,1,1,10,50, 00:00:04.3405109
10,1, parallel-main,1000,48177134,1,1,10,50, 00:00:04.3427122
10,1, parallel-propagate,1000,48177134,2,1,10,50, 00:00:04.3058947
10,1, parallel-main,1000,48177134,1,2,10,50, 00:00:04.6292393
10,1, parallel-propagate,1000,48177134,4,1,10,50, 00:00:03.8210660
10,1, parallel-main,1000,48177134,1,4,10,50, 00:00:05.1423729
10,1, parallel-propagate,1000,48177134,8,1,10,50, 00:00:03.7668937
10,1, parallel-main,1000,48177134,1,8,10,50, 00:00:03.1056639
10,1, parallel-propagate,1000,48177134,16,1,10,50, 00:00:04.0773907
10,1, parallel-main,1000,48177134,1,16,10,50, 00:00:00.4154014
11,1, sequential-main,1000,390326370,1,1,10,50, 00:00:05.9933753
11,1, parallel-main,1000,390326370,1,1,10,50, 00:00:04.3617767
11,1, parallel-propagate,1000,390326370,1,1,10,50, 00:00:04.2614843
11,1, parallel-main,1000,390326370,1,1,10,50, 00:00:04.6471818
11,1, parallel-propagate,1000,390326370,2,1,10,50, 00:00:04.0610728
11,1, parallel-main,1000,390326370,1,2,10,50, 00:00:04.5478340
11,1, parallel-propagate,1000,390326370,4,1,10,50, 00:00:03.7997083
11,1, parallel-main,1000,390326370,1,4,10,50, 00:00:00.0188714
11,1, parallel-propagate,1000,390326370,8,1,10,50, 00:00:03.7032008
11,1, parallel-main,1000,390326370,1,8,10,50, 00:00:01.8127891
11,1, parallel-propagate,1000,390326370,16,1,10,50, 00:00:03.5237382
11,1, parallel-main,1000,390326370,1,16,10,50, 00:00:00.6205690
12,1, sequential-main,1000,179782877,1,1,10,50, 00:00:05.2704444
12,1, parallel-main,1000,179782877,1,1,10,50, 00:00:04.3565907
12,1, parallel-propagate,1000,179782877,1,1,10,50, 00:00:04.6695878
12,1, parallel-main,1000,179782877,1,1,10,50, 00:00:04.2912343
12,1, parallel-propagate,1000,179782877,2,1,10,50, 00:00:04.0048122
12,1, parallel-main,1000,179782877,1,2,10,50, 00:00:04.5802994
12,1, parallel-propagate,1000,179782877,4,1,10,50, 00:00:03.7318364
12,1, parallel-main,1000,179782877,1,4,10,50, 00:00:00.0786684
12,1, parallel-propagate,1000,179782877,8,1,10,50, 00:00:03.7112408
12,1, parallel-main,1000,179782877,1,8,10,50, 00:00:00.7466271
12,1, parallel-propagate,1000,179782877,16,1,10,50, 00:00:03.4496180
12,1, parallel-main,1000,179782877,1,16,10,50, 00:00:02.3680171
13,1, sequential-main,1000,1556455641,1,1,10,50, 00:00:03.9113290
13,1, parallel-main,1000,1556455641,1,1,10,50, 00:00:04.3255477
13,1, parallel-propagate,1000,1556455641,1,1,10,50, 00:00:04.3531509
13,1, parallel-main,1000,1556455641,1,1,10,50, 00:00:04.3477100
13,1, parallel-propagate,1000,1556455641,2,1,10,50, 00:00:03.8839718
13,1, parallel-main,1000,1556455641,1,2,10,50, 00:00:04.5581404
13,1, parallel-propagate,1000,1556455641,4,1,10,50, 00:00:03.9220168
13,1, parallel-main,1000,1556455641,1,4,10,50, 00:00:00.0874823
13,1, parallel-propagate,1000,1556455641,8,1,10,50, 00:00:03.6735414
13,1, parallel-main,1000,1556455641,1,8,10,50, 00:00:00.1395802
13,1, parallel-propagate,1000,1556455641,16,1,10,50, 00:00:03.4415385
13,1, parallel-main,1000,1556455641,1,16,10,50, 00:00:01.0182007
14,1, sequential-main,1000,2048735855,1,1,10,50, 00:00:05.6599055
14,1, parallel-main,1000,2048735855,1,1,10,50, 00:00:04.3283368
14,1, parallel-propagate,1000,2048735855,1,1,10,50, 00:00:04.4054989
14,1, parallel-main,1000,2048735855,1,1,10,50, 00:00:04.3208200
14,1, parallel-propagate,1000,2048735855,2,1,10,50, 00:00:04.0832400
14,1, parallel-main,1000,2048735855,1,2,10,50, 00:00:04.6273053
14,1, parallel-propagate,1000,2048735855,4,1,10,50, 00:00:03.7516932
14,1, parallel-main,1000,2048735855,1,4,10,50, 00:00:05.3485471
14,1, parallel-propagate,1000,2048735855,8,1,10,50, 00:00:03.6685589
14,1, parallel-main,1000,2048735855,1,8,10,50, 00:00:00.5388857
14,1, parallel-propagate,1000,2048735855,16,1,10,50, 00:00:03.3737081
14,1, parallel-main,1000,2048735855,1,16,10,50, 00:00:00.7801615
15,1, sequential-main,1000,1183828888,1,1,10,50, 00:00:04.8549895
15,1, parallel-main,1000,1183828888,1,1,10,50, 00:00:04.3237506
15,1, parallel-propagate,1000,1183828888,1,1,10,50, 00:00:04.3375997
15,1, parallel-main,1000,1183828888,1,1,10,50, 00:00:04.9337176
15,1, parallel-propagate,1000,1183828888,2,1,10,50, 00:00:04.0034730
15,1, parallel-main,1000,1183828888,1,2,10,50, 00:00:04.5731911
15,1, parallel-propagate,1000,1183828888,4,1,10,50, 00:00:03.7762563
15,1, parallel-main,1000,1183828888,1,4,10,50, 00:00:05.4072571
15,1, parallel-propagate,1000,1183828888,8,1,10,50, 00:00:03.7766571
15,1, parallel-main,1000,1183828888,1,8,10,50, 00:00:01.5781577
15,1, parallel-propagate,1000,1183828888,16,1,10,50, 00:00:04.0125186
15,1, parallel-main,1000,1183828888,1,16,10,50, 00:00:01.5033906
16,1, sequential-main,1000,475539416,1,1,10,50, 00:00:05.5664190
16,1, parallel-main,1000,475539416,1,1,10,50, 00:00:04.3165666
16,1, parallel-propagate,1000,475539416,1,1,10,50, 00:00:04.4198669
16,1, parallel-main,1000,475539416,1,1,10,50, 00:00:04.2327979
16,1, parallel-propagate,1000,475539416,2,1,10,50, 00:00:03.9685552
16,1, parallel-main,1000,475539416,1,2,10,50, 00:00:04.5011146
16,1, parallel-propagate,1000,475539416,4,1,10,50, 00:00:03.8626586
16,1, parallel-main,1000,475539416,1,4,10,50, 00:00:05.3415456
16,1, parallel-propagate,1000,475539416,8,1,10,50, 00:00:03.7641525
16,1, parallel-main,1000,475539416,1,8,10,50, 00:00:00.1807561
16,1, parallel-propagate,1000,475539416,16,1,10,50, 00:00:03.8387821
16,1, parallel-main,1000,475539416,1,16,10,50, 00:00:02.1131787
17,1, sequential-main,1000,2136046440,1,1,10,50, 00:00:08.3638403
17,1, parallel-main,1000,2136046440,1,1,10,50, 00:00:04.2954549
17,1, parallel-propagate,1000,2136046440,1,1,10,50, 00:00:04.3476119
17,1, parallel-main,1000,2136046440,1,1,10,50, 00:00:04.3240865
17,1, parallel-propagate,1000,2136046440,2,1,10,50, 00:00:04.0564846
17,1, parallel-main,1000,2136046440,1,2,10,50, 00:00:04.4970394
17,1, parallel-propagate,1000,2136046440,4,1,10,50, 00:00:03.8732988
17,1, parallel-main,1000,2136046440,1,4,10,50, 00:00:00.0099124
17,1, parallel-propagate,1000,2136046440,8,1,10,50, 00:00:03.6752709
17,1, parallel-main,1000,2136046440,1,8,10,50, 00:00:01.4407372
17,1, parallel-propagate,1000,2136046440,16,1,10,50, 00:00:03.5132211
17,1, parallel-main,1000,2136046440,1,16,10,50, 00:00:01.5902952
18,1, sequential-main,1000,1605388975,1,1,10,50, 00:00:06.5658604
18,1, parallel-main,1000,1605388975,1,1,10,50, 00:00:04.2952511
18,1, parallel-propagate,1000,1605388975,1,1,10,50, 00:00:04.3754732
18,1, parallel-main,1000,1605388975,1,1,10,50, 00:00:04.3846683
18,1, parallel-propagate,1000,1605388975,2,1,10,50, 00:00:04.0307673
18,1, parallel-main,1000,1605388975,1,2,10,50, 00:00:04.5470773
18,1, parallel-propagate,1000,1605388975,4,1,10,50, 00:00:04.1649832
18,1, parallel-main,1000,1605388975,1,4,10,50, 00:00:00.0545677
18,1, parallel-propagate,1000,1605388975,8,1,10,50, 00:00:03.6367779
18,1, parallel-main,1000,1605388975,1,8,10,50, 00:00:03.7565689
18,1, parallel-propagate,1000,1605388975,16,1,10,50, 00:00:03.5547533
18,1, parallel-main,1000,1605388975,1,16,10,50, 00:00:01.7907331
19,1, sequential-main,1000,1115562342,1,1,10,50, 00:00:05.4472393
19,1, parallel-main,1000,1115562342,1,1,10,50, 00:00:04.3590035
19,1, parallel-propagate,1000,1115562342,1,1,10,50, 00:00:04.3769096
19,1, parallel-main,1000,1115562342,1,1,10,50, 00:00:04.3426490
19,1, parallel-propagate,1000,1115562342,2,1,10,50, 00:00:04.0476469
19,1, parallel-main,1000,1115562342,1,2,10,50, 00:00:04.5671204
19,1, parallel-propagate,1000,1115562342,4,1,10,50, 00:00:03.9085714
19,1, parallel-main,1000,1115562342,1,4,10,50, 00:00:05.3083015
19,1, parallel-propagate,1000,1115562342,8,1,10,50, 00:00:03.7290548
19,1, parallel-main,1000,1115562342,1,8,10,50, 00:00:00.6390030
19,1, parallel-propagate,1000,1115562342,16,1,10,50, 00:00:03.4539487
19,1, parallel-main,1000,1115562342,1,16,10,50, 00:00:02.8590053
20,1, sequential-main,1000,1476279324,1,1,10,50, 00:00:03.8529643
20,1, parallel-main,1000,1476279324,1,1,10,50, 00:00:04.2212293
20,1, parallel-propagate,1000,1476279324,1,1,10,50, 00:00:04.3942597
20,1, parallel-main,1000,1476279324,1,1,10,50, 00:00:04.3132184
20,1, parallel-propagate,1000,1476279324,2,1,10,50, 00:00:03.9896925
20,1, parallel-main,1000,1476279324,1,2,10,50, 00:00:04.6499432
20,1, parallel-propagate,1000,1476279324,4,1,10,50, 00:00:03.8653179
20,1, parallel-main,1000,1476279324,1,4,10,50, 00:00:00.0162641
20,1, parallel-propagate,1000,1476279324,8,1,10,50, 00:00:03.6415517
20,1, parallel-main,1000,1476279324,1,8,10,50, 00:00:04.2553704
20,1, parallel-propagate,1000,1476279324,16,1,10,50, 00:00:03.7583156
20,1, parallel-main,1000,1476279324,1,16,10,50, 00:00:00.9931252
21,1, sequential-main,1000,396746174,1,1,10,50, 00:00:03.4911538
21,1, parallel-main,1000,396746174,1,1,10,50, 00:00:04.4364160
21,1, parallel-propagate,1000,396746174,1,1,10,50, 00:00:04.5264428
21,1, parallel-main,1000,396746174,1,1,10,50, 00:00:04.3253488
21,1, parallel-propagate,1000,396746174,2,1,10,50, 00:00:03.9681925
21,1, parallel-main,1000,396746174,1,2,10,50, 00:00:04.5873743
21,1, parallel-propagate,1000,396746174,4,1,10,50, 00:00:03.8724655
21,1, parallel-main,1000,396746174,1,4,10,50, 00:00:05.1993444
21,1, parallel-propagate,1000,396746174,8,1,10,50, 00:00:03.9065575
21,1, parallel-main,1000,396746174,1,8,10,50, 00:00:00.0373039
21,1, parallel-propagate,1000,396746174,16,1,10,50, 00:00:03.8733328
21,1, parallel-main,1000,396746174,1,16,10,50, 00:00:00.8656248
22,1, sequential-main,1000,2140853358,1,1,10,50, 00:00:05.2431558
22,1, parallel-main,1000,2140853358,1,1,10,50, 00:00:04.1801294
22,1, parallel-propagate,1000,2140853358,1,1,10,50, 00:00:04.3063437
22,1, parallel-main,1000,2140853358,1,1,10,50, 00:00:04.3214996
22,1, parallel-propagate,1000,2140853358,2,1,10,50, 00:00:04.0722007
22,1, parallel-main,1000,2140853358,1,2,10,50, 00:00:04.6735616
22,1, parallel-propagate,1000,2140853358,4,1,10,50, 00:00:03.7743934
22,1, parallel-main,1000,2140853358,1,4,10,50, 00:00:05.2920189
22,1, parallel-propagate,1000,2140853358,8,1,10,50, 00:00:03.6502517
22,1, parallel-main,1000,2140853358,1,8,10,50, 00:00:00.1685722
22,1, parallel-propagate,1000,2140853358,16,1,10,50, 00:00:03.4578925
22,1, parallel-main,1000,2140853358,1,16,10,50, 00:00:01.3229368
23,1, sequential-main,1000,812832277,1,1,10,50, 00:00:05.1662214
23,1, parallel-main,1000,812832277,1,1,10,50, 00:00:04.3644137
23,1, parallel-propagate,1000,812832277,1,1,10,50, 00:00:04.3563534
23,1, parallel-main,1000,812832277,1,1,10,50, 00:00:04.3449345
23,1, parallel-propagate,1000,812832277,2,1,10,50, 00:00:04.1131259
23,1, parallel-main,1000,812832277,1,2,10,50, 00:00:04.6438797
23,1, parallel-propagate,1000,812832277,4,1,10,50, 00:00:03.8920292
23,1, parallel-main,1000,812832277,1,4,10,50, 00:00:00.0487267
23,1, parallel-propagate,1000,812832277,8,1,10,50, 00:00:03.8065280
23,1, parallel-main,1000,812832277,1,8,10,50, 00:00:00.7600482
23,1, parallel-propagate,1000,812832277,16,1,10,50, 00:00:03.4752439
23,1, parallel-main,1000,812832277,1,16,10,50, 00:00:00.0949561
24,1, sequential-main,1000,1515383558,1,1,10,50, 00:00:05.4840043
24,1, parallel-main,1000,1515383558,1,1,10,50, 00:00:04.2957155
24,1, parallel-propagate,1000,1515383558,1,1,10,50, 00:00:04.3638295
24,1, parallel-main,1000,1515383558,1,1,10,50, 00:00:04.3360049
24,1, parallel-propagate,1000,1515383558,2,1,10,50, 00:00:04.0069943
24,1, parallel-main,1000,1515383558,1,2,10,50, 00:00:04.6042411
24,1, parallel-propagate,1000,1515383558,4,1,10,50, 00:00:03.9023146
24,1, parallel-main,1000,1515383558,1,4,10,50, 00:00:05.3607612
24,1, parallel-propagate,1000,1515383558,8,1,10,50, 00:00:03.6858276
24,1, parallel-main,1000,1515383558,1,8,10,50, 00:00:03.7361745
24,1, parallel-propagate,1000,1515383558,16,1,10,50, 00:00:03.5041527
24,1, parallel-main,1000,1515383558,1,16,10,50, 00:00:01.9742793
25,1, sequential-main,1000,1523198569,1,1,10,50, 00:00:04.4951271
25,1, parallel-main,1000,1523198569,1,1,10,50, 00:00:04.3075195
25,1, parallel-propagate,1000,1523198569,1,1,10,50, 00:00:04.3945771
25,1, parallel-main,1000,1523198569,1,1,10,50, 00:00:04.5707154
25,1, parallel-propagate,1000,1523198569,2,1,10,50, 00:00:04.1042626
25,1, parallel-main,1000,1523198569,1,2,10,50, 00:00:04.5976607
25,1, parallel-propagate,1000,1523198569,4,1,10,50, 00:00:03.7885807
25,1, parallel-main,1000,1523198569,1,4,10,50, 00:00:00.0878643
25,1, parallel-propagate,1000,1523198569,8,1,10,50, 00:00:04.0918957
25,1, parallel-main,1000,1523198569,1,8,10,50, 00:00:01.7658467
25,1, parallel-propagate,1000,1523198569,16,1,10,50, 00:00:03.5044486
25,1, parallel-main,1000,1523198569,1,16,10,50, 00:00:01.4202883
26,1, sequential-main,1000,1501053376,1,1,10,50, 00:00:04.5879900
26,1, parallel-main,1000,1501053376,1,1,10,50, 00:00:04.3088130
26,1, parallel-propagate,1000,1501053376,1,1,10,50, 00:00:04.3913373
26,1, parallel-main,1000,1501053376,1,1,10,50, 00:00:04.2030451
26,1, parallel-propagate,1000,1501053376,2,1,10,50, 00:00:03.9291578
26,1, parallel-main,1000,1501053376,1,2,10,50, 00:00:04.4801406
26,1, parallel-propagate,1000,1501053376,4,1,10,50, 00:00:03.8651415
26,1, parallel-main,1000,1501053376,1,4,10,50, 00:00:05.2144825
26,1, parallel-propagate,1000,1501053376,8,1,10,50, 00:00:03.7701344
26,1, parallel-main,1000,1501053376,1,8,10,50, 00:00:02.2805365
26,1, parallel-propagate,1000,1501053376,16,1,10,50, 00:00:03.6281027
26,1, parallel-main,1000,1501053376,1,16,10,50, 00:00:00.7550163
27,1, sequential-main,1000,634753172,1,1,10,50, 00:00:06.8850807
27,1, parallel-main,1000,634753172,1,1,10,50, 00:00:04.2812904
27,1, parallel-propagate,1000,634753172,1,1,10,50, 00:00:04.3253165
27,1, parallel-main,1000,634753172,1,1,10,50, 00:00:04.3176745
27,1, parallel-propagate,1000,634753172,2,1,10,50, 00:00:03.8330473
27,1, parallel-main,1000,634753172,1,2,10,50, 00:00:04.5332796
27,1, parallel-propagate,1000,634753172,4,1,10,50, 00:00:03.9769342
27,1, parallel-main,1000,634753172,1,4,10,50, 00:00:05.0921926
27,1, parallel-propagate,1000,634753172,8,1,10,50, 00:00:03.6108250
27,1, parallel-main,1000,634753172,1,8,10,50, 00:00:01.1785103
27,1, parallel-propagate,1000,634753172,16,1,10,50, 00:00:03.7411908
27,1, parallel-main,1000,634753172,1,16,10,50, 00:00:00.0924292
28,1, sequential-main,1000,1631682631,1,1,10,50, 00:00:05.5752355
28,1, parallel-main,1000,1631682631,1,1,10,50, 00:00:04.3341737
28,1, parallel-propagate,1000,1631682631,1,1,10,50, 00:00:04.3805829
28,1, parallel-main,1000,1631682631,1,1,10,50, 00:00:04.3136334
28,1, parallel-propagate,1000,1631682631,2,1,10,50, 00:00:03.9807788
28,1, parallel-main,1000,1631682631,1,2,10,50, 00:00:04.5642384
28,1, parallel-propagate,1000,1631682631,4,1,10,50, 00:00:03.8773028
28,1, parallel-main,1000,1631682631,1,4,10,50, 00:00:00.0218645
28,1, parallel-propagate,1000,1631682631,8,1,10,50, 00:00:03.8799798
28,1, parallel-main,1000,1631682631,1,8,10,50, 00:00:03.1725473
28,1, parallel-propagate,1000,1631682631,16,1,10,50, 00:00:03.4649485
28,1, parallel-main,1000,1631682631,1,16,10,50, 00:00:01.8062843
29,1, sequential-main,1000,946397456,1,1,10,50, 00:00:04.6798263
29,1, parallel-main,1000,946397456,1,1,10,50, 00:00:04.2420778
29,1, parallel-propagate,1000,946397456,1,1,10,50, 00:00:04.3372500
29,1, parallel-main,1000,946397456,1,1,10,50, 00:00:04.1638123
29,1, parallel-propagate,1000,946397456,2,1,10,50, 00:00:04.0284075
29,1, parallel-main,1000,946397456,1,2,10,50, 00:00:04.4813046
29,1, parallel-propagate,1000,946397456,4,1,10,50, 00:00:03.8075748
29,1, parallel-main,1000,946397456,1,4,10,50, 00:00:05.3204792
29,1, parallel-propagate,1000,946397456,8,1,10,50, 00:00:03.7193664
29,1, parallel-main,1000,946397456,1,8,10,50, 00:00:01.6273114
29,1, parallel-propagate,1000,946397456,16,1,10,50, 00:00:03.4306031
29,1, parallel-main,1000,946397456,1,16,10,50, 00:00:02.0688320
30,1, sequential-main,1000,783544220,1,1,10,50, 00:00:06.5067938
30,1, parallel-main,1000,783544220,1,1,10,50, 00:00:04.2866320
30,1, parallel-propagate,1000,783544220,1,1,10,50, 00:00:04.3051085
30,1, parallel-main,1000,783544220,1,1,10,50, 00:00:04.2913938
30,1, parallel-propagate,1000,783544220,2,1,10,50, 00:00:04.0161840
30,1, parallel-main,1000,783544220,1,2,10,50, 00:00:04.5231468
30,1, parallel-propagate,1000,783544220,4,1,10,50, 00:00:03.9643505
30,1, parallel-main,1000,783544220,1,4,10,50, 00:00:00.0135575
30,1, parallel-propagate,1000,783544220,8,1,10,50, 00:00:03.8815060
30,1, parallel-main,1000,783544220,1,8,10,50, 00:00:00.2866223
30,1, parallel-propagate,1000,783544220,16,1,10,50, 00:00:03.6189608
30,1, parallel-main,1000,783544220,1,16,10,50, 00:00:01.7014485
31,1, sequential-main,1000,1847156556,1,1,10,50, 00:00:05.4243520
31,1, parallel-main,1000,1847156556,1,1,10,50, 00:00:04.3206126
31,1, parallel-propagate,1000,1847156556,1,1,10,50, 00:00:04.3870729
31,1, parallel-main,1000,1847156556,1,1,10,50, 00:00:04.2890845
31,1, parallel-propagate,1000,1847156556,2,1,10,50, 00:00:03.9705077
31,1, parallel-main,1000,1847156556,1,2,10,50, 00:00:04.4509361
31,1, parallel-propagate,1000,1847156556,4,1,10,50, 00:00:03.7489469
31,1, parallel-main,1000,1847156556,1,4,10,50, 00:00:05.3271984
31,1, parallel-propagate,1000,1847156556,8,1,10,50, 00:00:03.9562631
31,1, parallel-main,1000,1847156556,1,8,10,50, 00:00:00.0084458
31,1, parallel-propagate,1000,1847156556,16,1,10,50, 00:00:03.4695442
31,1, parallel-main,1000,1847156556,1,16,10,50, 00:00:01.6277947
32,1, sequential-main,1000,904387628,1,1,10,50, 00:00:09.0695685
32,1, parallel-main,1000,904387628,1,1,10,50, 00:00:04.2820287
32,1, parallel-propagate,1000,904387628,1,1,10,50, 00:00:04.4100595
32,1, parallel-main,1000,904387628,1,1,10,50, 00:00:04.2866074
32,1, parallel-propagate,1000,904387628,2,1,10,50, 00:00:04.0163355
32,1, parallel-main,1000,904387628,1,2,10,50, 00:00:04.4528169
32,1, parallel-propagate,1000,904387628,4,1,10,50, 00:00:03.7430941
32,1, parallel-main,1000,904387628,1,4,10,50, 00:00:00.0372847
32,1, parallel-propagate,1000,904387628,8,1,10,50, 00:00:03.6653078
32,1, parallel-main,1000,904387628,1,8,10,50, 00:00:00.0683861
32,1, parallel-propagate,1000,904387628,16,1,10,50, 00:00:03.5515910
32,1, parallel-main,1000,904387628,1,16,10,50, 00:00:00.4060235
33,1, sequential-main,1000,127060778,1,1,10,50, 00:00:06.4524626
33,1, parallel-main,1000,127060778,1,1,10,50, 00:00:04.2947399
33,1, parallel-propagate,1000,127060778,1,1,10,50, 00:00:04.3420105
33,1, parallel-main,1000,127060778,1,1,10,50, 00:00:04.3095364
33,1, parallel-propagate,1000,127060778,2,1,10,50, 00:00:04.0861105
33,1, parallel-main,1000,127060778,1,2,10,50, 00:00:04.3267757
33,1, parallel-propagate,1000,127060778,4,1,10,50, 00:00:03.8481175
33,1, parallel-main,1000,127060778,1,4,10,50, 00:00:00.0102375
33,1, parallel-propagate,1000,127060778,8,1,10,50, 00:00:03.5967898
33,1, parallel-main,1000,127060778,1,8,10,50, 00:00:01.5897087
33,1, parallel-propagate,1000,127060778,16,1,10,50, 00:00:03.4119777
33,1, parallel-main,1000,127060778,1,16,10,50, 00:00:01.9735940
34,1, sequential-main,1000,1763773510,1,1,10,50, 00:00:05.4499380
34,1, parallel-main,1000,1763773510,1,1,10,50, 00:00:04.2809789
34,1, parallel-propagate,1000,1763773510,1,1,10,50, 00:00:04.2657947
34,1, parallel-main,1000,1763773510,1,1,10,50, 00:00:04.3189668
34,1, parallel-propagate,1000,1763773510,2,1,10,50, 00:00:04.2843647
34,1, parallel-main,1000,1763773510,1,2,10,50, 00:00:04.5684928
34,1, parallel-propagate,1000,1763773510,4,1,10,50, 00:00:03.7083040
34,1, parallel-main,1000,1763773510,1,4,10,50, 00:00:05.3997813
34,1, parallel-propagate,1000,1763773510,8,1,10,50, 00:00:03.7240145
34,1, parallel-main,1000,1763773510,1,8,10,50, 00:00:00.6525526
34,1, parallel-propagate,1000,1763773510,16,1,10,50, 00:00:03.4770156
34,1, parallel-main,1000,1763773510,1,16,10,50, 00:00:03.9005516
35,1, sequential-main,1000,216853361,1,1,10,50, 00:00:06.4393518
35,1, parallel-main,1000,216853361,1,1,10,50, 00:00:04.3913534
35,1, parallel-propagate,1000,216853361,1,1,10,50, 00:00:04.4457486
35,1, parallel-main,1000,216853361,1,1,10,50, 00:00:04.3545151
35,1, parallel-propagate,1000,216853361,2,1,10,50, 00:00:03.9991352
35,1, parallel-main,1000,216853361,1,2,10,50, 00:00:04.6114776
35,1, parallel-propagate,1000,216853361,4,1,10,50, 00:00:03.8925819
35,1, parallel-main,1000,216853361,1,4,10,50, 00:00:00.0075603
35,1, parallel-propagate,1000,216853361,8,1,10,50, 00:00:03.7613537
35,1, parallel-main,1000,216853361,1,8,10,50, 00:00:00.0228537
35,1, parallel-propagate,1000,216853361,16,1,10,50, 00:00:04.6808355
35,1, parallel-main,1000,216853361,1,16,10,50, 00:00:00.9360116
36,1, sequential-main,1000,815400531,1,1,10,50, 00:00:07.5435504
36,1, parallel-main,1000,815400531,1,1,10,50, 00:00:04.6561306
36,1, parallel-propagate,1000,815400531,1,1,10,50, 00:00:04.3912858
36,1, parallel-main,1000,815400531,1,1,10,50, 00:00:04.2541731
36,1, parallel-propagate,1000,815400531,2,1,10,50, 00:00:04.0242704
36,1, parallel-main,1000,815400531,1,2,10,50, 00:00:04.6614062
36,1, parallel-propagate,1000,815400531,4,1,10,50, 00:00:03.8025534
36,1, parallel-main,1000,815400531,1,4,10,50, 00:00:05.3053537
36,1, parallel-propagate,1000,815400531,8,1,10,50, 00:00:03.6342376
36,1, parallel-main,1000,815400531,1,8,10,50, 00:00:03.4686799
36,1, parallel-propagate,1000,815400531,16,1,10,50, 00:00:03.4550479
36,1, parallel-main,1000,815400531,1,16,10,50, 00:00:00.2004990
37,1, sequential-main,1000,1889404341,1,1,10,50, 00:00:06.4732643
37,1, parallel-main,1000,1889404341,1,1,10,50, 00:00:04.3278491
37,1, parallel-propagate,1000,1889404341,1,1,10,50, 00:00:04.4269227
37,1, parallel-main,1000,1889404341,1,1,10,50, 00:00:04.3885308
37,1, parallel-propagate,1000,1889404341,2,1,10,50, 00:00:04.0458495
37,1, parallel-main,1000,1889404341,1,2,10,50, 00:00:04.6255888
37,1, parallel-propagate,1000,1889404341,4,1,10,50, 00:00:04.1161538
37,1, parallel-main,1000,1889404341,1,4,10,50, 00:00:05.2194037
37,1, parallel-propagate,1000,1889404341,8,1,10,50, 00:00:03.7668221
37,1, parallel-main,1000,1889404341,1,8,10,50, 00:00:00.1562328
37,1, parallel-propagate,1000,1889404341,16,1,10,50, 00:00:03.5171450
37,1, parallel-main,1000,1889404341,1,16,10,50, 00:00:01.4398361
38,1, sequential-main,1000,1277861863,1,1,10,50, 00:00:08.0151907
38,1, parallel-main,1000,1277861863,1,1,10,50, 00:00:04.2752123
38,1, parallel-propagate,1000,1277861863,1,1,10,50, 00:00:04.3791063
38,1, parallel-main,1000,1277861863,1,1,10,50, 00:00:04.3337139
38,1, parallel-propagate,1000,1277861863,2,1,10,50, 00:00:03.9824361
38,1, parallel-main,1000,1277861863,1,2,10,50, 00:00:04.5526383
38,1, parallel-propagate,1000,1277861863,4,1,10,50, 00:00:03.9321752
38,1, parallel-main,1000,1277861863,1,4,10,50, 00:00:05.5195618
38,1, parallel-propagate,1000,1277861863,8,1,10,50, 00:00:03.7157829
38,1, parallel-main,1000,1277861863,1,8,10,50, 00:00:02.2346790
38,1, parallel-propagate,1000,1277861863,16,1,10,50, 00:00:03.5177120
38,1, parallel-main,1000,1277861863,1,16,10,50, 00:00:00.4286363
39,1, sequential-main,1000,1633233815,1,1,10,50, 00:00:06.8759640
39,1, parallel-main,1000,1633233815,1,1,10,50, 00:00:04.3611751
39,1, parallel-propagate,1000,1633233815,1,1,10,50, 00:00:04.4948573
39,1, parallel-main,1000,1633233815,1,1,10,50, 00:00:04.3285137
39,1, parallel-propagate,1000,1633233815,2,1,10,50, 00:00:03.9493087
39,1, parallel-main,1000,1633233815,1,2,10,50, 00:00:04.5847099
39,1, parallel-propagate,1000,1633233815,4,1,10,50, 00:00:03.8759496
39,1, parallel-main,1000,1633233815,1,4,10,50, 00:00:00.0209419
39,1, parallel-propagate,1000,1633233815,8,1,10,50, 00:00:03.6732731
39,1, parallel-main,1000,1633233815,1,8,10,50, 00:00:00.1817087
39,1, parallel-propagate,1000,1633233815,16,1,10,50, 00:00:03.5825288
39,1, parallel-main,1000,1633233815,1,16,10,50, 00:00:01.4675615
40,1, sequential-main,1000,431804828,1,1,10,50, 00:00:06.1681824
40,1, parallel-main,1000,431804828,1,1,10,50, 00:00:04.6340328
40,1, parallel-propagate,1000,431804828,1,1,10,50, 00:00:04.4106777
40,1, parallel-main,1000,431804828,1,1,10,50, 00:00:04.3733387
40,1, parallel-propagate,1000,431804828,2,1,10,50, 00:00:04.0158814
40,1, parallel-main,1000,431804828,1,2,10,50, 00:00:04.6710859
40,1, parallel-propagate,1000,431804828,4,1,10,50, 00:00:03.9161071
40,1, parallel-main,1000,431804828,1,4,10,50, 00:00:00.0018155
40,1, parallel-propagate,1000,431804828,8,1,10,50, 00:00:03.7149041
40,1, parallel-main,1000,431804828,1,8,10,50, 00:00:00.5688866
40,1, parallel-propagate,1000,431804828,16,1,10,50, 00:00:03.4847649
40,1, parallel-main,1000,431804828,1,16,10,50, 00:00:01.4579524
41,1, sequential-main,1000,1159233396,1,1,10,50, 00:00:05.3999482
41,1, parallel-main,1000,1159233396,1,1,10,50, 00:00:04.3216535
41,1, parallel-propagate,1000,1159233396,1,1,10,50, 00:00:04.4550269
41,1, parallel-main,1000,1159233396,1,1,10,50, 00:00:04.3676779
41,1, parallel-propagate,1000,1159233396,2,1,10,50, 00:00:04.0517745
41,1, parallel-main,1000,1159233396,1,2,10,50, 00:00:04.5801345
41,1, parallel-propagate,1000,1159233396,4,1,10,50, 00:00:03.8898543
41,1, parallel-main,1000,1159233396,1,4,10,50, 00:00:00.1319006
41,1, parallel-propagate,1000,1159233396,8,1,10,50, 00:00:03.7409701
41,1, parallel-main,1000,1159233396,1,8,10,50, 00:00:00.1919160
41,1, parallel-propagate,1000,1159233396,16,1,10,50, 00:00:03.7277392
41,1, parallel-main,1000,1159233396,1,16,10,50, 00:00:00.5812145
42,1, sequential-main,1000,570492694,1,1,10,50, 00:00:06.7621791
42,1, parallel-main,1000,570492694,1,1,10,50, 00:00:04.3709703
42,1, parallel-propagate,1000,570492694,1,1,10,50, 00:00:04.3497754
42,1, parallel-main,1000,570492694,1,1,10,50, 00:00:04.2812879
42,1, parallel-propagate,1000,570492694,2,1,10,50, 00:00:04.0388770
42,1, parallel-main,1000,570492694,1,2,10,50, 00:00:04.9753696
42,1, parallel-propagate,1000,570492694,4,1,10,50, 00:00:03.8037415
42,1, parallel-main,1000,570492694,1,4,10,50, 00:00:00.0177399
42,1, parallel-propagate,1000,570492694,8,1,10,50, 00:00:03.5987679
42,1, parallel-main,1000,570492694,1,8,10,50, 00:00:00.2067898
42,1, parallel-propagate,1000,570492694,16,1,10,50, 00:00:03.4831158
42,1, parallel-main,1000,570492694,1,16,10,50, 00:00:00.5913973
43,1, sequential-main,1000,939421478,1,1,10,50, 00:00:05.0735111
43,1, parallel-main,1000,939421478,1,1,10,50, 00:00:04.3367639
43,1, parallel-propagate,1000,939421478,1,1,10,50, 00:00:04.4064246
43,1, parallel-main,1000,939421478,1,1,10,50, 00:00:04.5110733
43,1, parallel-propagate,1000,939421478,2,1,10,50, 00:00:03.9943253
43,1, parallel-main,1000,939421478,1,2,10,50, 00:00:04.5597160
43,1, parallel-propagate,1000,939421478,4,1,10,50, 00:00:03.7840557
43,1, parallel-main,1000,939421478,1,4,10,50, 00:00:05.2046855
43,1, parallel-propagate,1000,939421478,8,1,10,50, 00:00:03.7106318
43,1, parallel-main,1000,939421478,1,8,10,50, 00:00:00.4488912
43,1, parallel-propagate,1000,939421478,16,1,10,50, 00:00:03.6365208
43,1, parallel-main,1000,939421478,1,16,10,50, 00:00:01.8686952
44,1, sequential-main,1000,307252398,1,1,10,50, 00:00:06.5508466
44,1, parallel-main,1000,307252398,1,1,10,50, 00:00:04.3256488
44,1, parallel-propagate,1000,307252398,1,1,10,50, 00:00:04.4197676
44,1, parallel-main,1000,307252398,1,1,10,50, 00:00:04.2902618
44,1, parallel-propagate,1000,307252398,2,1,10,50, 00:00:03.9619270
44,1, parallel-main,1000,307252398,1,2,10,50, 00:00:04.6931189
44,1, parallel-propagate,1000,307252398,4,1,10,50, 00:00:03.8553550
44,1, parallel-main,1000,307252398,1,4,10,50, 00:00:00.1456745
44,1, parallel-propagate,1000,307252398,8,1,10,50, 00:00:03.6874332
44,1, parallel-main,1000,307252398,1,8,10,50, 00:00:03.4139127
44,1, parallel-propagate,1000,307252398,16,1,10,50, 00:00:03.5497655
44,1, parallel-main,1000,307252398,1,16,10,50, 00:00:01.5882096
45,1, sequential-main,1000,933515109,1,1,10,50, 00:00:06.2604045
45,1, parallel-main,1000,933515109,1,1,10,50, 00:00:04.3437587
45,1, parallel-propagate,1000,933515109,1,1,10,50, 00:00:04.3858026
45,1, parallel-main,1000,933515109,1,1,10,50, 00:00:04.3485468
45,1, parallel-propagate,1000,933515109,2,1,10,50, 00:00:04.0441886
45,1, parallel-main,1000,933515109,1,2,10,50, 00:00:04.6008566
45,1, parallel-propagate,1000,933515109,4,1,10,50, 00:00:03.9734706
45,1, parallel-main,1000,933515109,1,4,10,50, 00:00:05.4973617
45,1, parallel-propagate,1000,933515109,8,1,10,50, 00:00:03.7375518
45,1, parallel-main,1000,933515109,1,8,10,50, 00:00:00.2958251
45,1, parallel-propagate,1000,933515109,16,1,10,50, 00:00:03.4529546
45,1, parallel-main,1000,933515109,1,16,10,50, 00:00:00.6585613
46,1, sequential-main,1000,1199358335,1,1,10,50, 00:00:05.6389689
46,1, parallel-main,1000,1199358335,1,1,10,50, 00:00:04.3309512
46,1, parallel-propagate,1000,1199358335,1,1,10,50, 00:00:04.4037454
46,1, parallel-main,1000,1199358335,1,1,10,50, 00:00:04.3507973
46,1, parallel-propagate,1000,1199358335,2,1,10,50, 00:00:04.0346973
46,1, parallel-main,1000,1199358335,1,2,10,50, 00:00:04.5799614
46,1, parallel-propagate,1000,1199358335,4,1,10,50, 00:00:04.1909219
46,1, parallel-main,1000,1199358335,1,4,10,50, 00:00:00.0673030
46,1, parallel-propagate,1000,1199358335,8,1,10,50, 00:00:03.6230130
46,1, parallel-main,1000,1199358335,1,8,10,50, 00:00:01.0497558
46,1, parallel-propagate,1000,1199358335,16,1,10,50, 00:00:03.4278266
46,1, parallel-main,1000,1199358335,1,16,10,50, 00:00:00.0514325
47,1, sequential-main,1000,264363043,1,1,10,50, 00:00:09.6954464
47,1, parallel-main,1000,264363043,1,1,10,50, 00:00:04.2119712
47,1, parallel-propagate,1000,264363043,1,1,10,50, 00:00:04.4599474
47,1, parallel-main,1000,264363043,1,1,10,50, 00:00:04.3468076
47,1, parallel-propagate,1000,264363043,2,1,10,50, 00:00:04.0307647
47,1, parallel-main,1000,264363043,1,2,10,50, 00:00:04.5221515
47,1, parallel-propagate,1000,264363043,4,1,10,50, 00:00:03.8198810
47,1, parallel-main,1000,264363043,1,4,10,50, 00:00:05.5901772
47,1, parallel-propagate,1000,264363043,8,1,10,50, 00:00:03.7273826
47,1, parallel-main,1000,264363043,1,8,10,50, 00:00:00.4392891
47,1, parallel-propagate,1000,264363043,16,1,10,50, 00:00:03.9809290
47,1, parallel-main,1000,264363043,1,16,10,50, 00:00:00.5168977
48,1, sequential-main,1000,1805033614,1,1,10,50, 00:00:06.2201694
48,1, parallel-main,1000,1805033614,1,1,10,50, 00:00:04.4146500
48,1, parallel-propagate,1000,1805033614,1,1,10,50, 00:00:04.9112005
48,1, parallel-main,1000,1805033614,1,1,10,50, 00:00:04.2659084
48,1, parallel-propagate,1000,1805033614,2,1,10,50, 00:00:04.0592616
48,1, parallel-main,1000,1805033614,1,2,10,50, 00:00:04.5156927
48,1, parallel-propagate,1000,1805033614,4,1,10,50, 00:00:03.8887077
48,1, parallel-main,1000,1805033614,1,4,10,50, 00:00:00.0489681
48,1, parallel-propagate,1000,1805033614,8,1,10,50, 00:00:03.7394682
48,1, parallel-main,1000,1805033614,1,8,10,50, 00:00:02.5232272
48,1, parallel-propagate,1000,1805033614,16,1,10,50, 00:00:03.5746882
48,1, parallel-main,1000,1805033614,1,16,10,50, 00:00:01.0608900
49,1, sequential-main,1000,838991380,1,1,10,50, 00:00:07.2091045
49,1, parallel-main,1000,838991380,1,1,10,50, 00:00:04.7925345
49,1, parallel-propagate,1000,838991380,1,1,10,50, 00:00:04.3514598
49,1, parallel-main,1000,838991380,1,1,10,50, 00:00:04.3871492
49,1, parallel-propagate,1000,838991380,2,1,10,50, 00:00:04.0274780
49,1, parallel-main,1000,838991380,1,2,10,50, 00:00:04.7309031
49,1, parallel-propagate,1000,838991380,4,1,10,50, 00:00:03.8072420
49,1, parallel-main,1000,838991380,1,4,10,50, 00:00:05.3969200
49,1, parallel-propagate,1000,838991380,8,1,10,50, 00:00:03.9998417
49,1, parallel-main,1000,838991380,1,8,10,50, 00:00:01.4508677
49,1, parallel-propagate,1000,838991380,16,1,10,50, 00:00:03.4813909
49,1, parallel-main,1000,838991380,1,16,10,50, 00:00:00.2691045
